type	issue	x	y	w	h	font	interactable	path	text
text		1316	390	488	260	29	False	SettlementCanvas/SettlementScreen/SystemMenu/View/SaveSlotPanel/Workspace/Record3/Details	아직 저장한 생활이 없습니다.
text		116.0001	268	488	66.00006	38	False	SettlementCanvas/SettlementScreen/SystemMenu/View/SaveSlotPanel/Workspace/Record1/Heading	기록 1 · DAY 1
text		79.99998	806	1760	89.99997	28	False	SettlementCanvas/SettlementScreen/SystemMenu/View/SaveSlotPanel/Workspace/Hint	정착지의 물자·작업·탐험 기록을 함께 저장합니다.
text		716	268	488	66.00006	38	False	SettlementCanvas/SettlementScreen/SystemMenu/View/SaveSlotPanel/Workspace/Record2/Heading	기록 2 · 빈 기록
text		100.0001	973.9999	510	75.99998	30	False	SettlementCanvas/SettlementScreen/SystemMenu/View/SaveSlotPanel/Workspace/Back/Label	돌아가기
text		1316	268	488	66.00006	38	False	SettlementCanvas/SettlementScreen/SystemMenu/View/SaveSlotPanel/Workspace/Record3/Heading	기록 3 · 빈 기록
text		116.0001	390	488	260	29	False	SettlementCanvas/SettlementScreen/SystemMenu/View/SaveSlotPanel/Workspace/Record1/Details	폐정비소 · 17:00 · 2명 / 윤서진 · 강기섭 / 2026.09.24 16:08 저장
text		716	390	488	260	29	False	SettlementCanvas/SettlementScreen/SystemMenu/View/SaveSlotPanel/Workspace/Record2/Details	아직 저장한 생활이 없습니다.
text		104.0001	32	561.9999	72	34	False	SettlementCanvas/SettlementScreen/SystemMenu/View/SaveSlotPanel/Workspace/HeadingPaper/Heading	생활 저장
text		1310	973.9999	510	75.99998	30	False	SettlementCanvas/SettlementScreen/SystemMenu/View/SaveSlotPanel/Workspace/Action/Label	선택한 칸에 저장
button		680.0001	230	559.9999	500	0	True	SettlementCanvas/SettlementScreen/SystemMenu/View/SaveSlotPanel/Workspace/Record2	기록 2 · 빈 기록 아직 저장한 생활이 없습니다.
button		79.99998	973.9999	550	75.99998	0	True	SettlementCanvas/SettlementScreen/SystemMenu/View/SaveSlotPanel/Workspace/Back	돌아가기
button		1280	230	560	500	0	True	SettlementCanvas/SettlementScreen/SystemMenu/View/SaveSlotPanel/Workspace/Record3	기록 3 · 빈 기록 아직 저장한 생활이 없습니다.
button		1290	973.9999	550.0001	75.99998	0	False	SettlementCanvas/SettlementScreen/SystemMenu/View/SaveSlotPanel/Workspace/Action	선택한 칸에 저장
button		79.99998	230	559.9999	500	0	True	SettlementCanvas/SettlementScreen/SystemMenu/View/SaveSlotPanel/Workspace/Record1	기록 1 · DAY 1 폐정비소 · 17:00 · 2명 / 윤서진 · 강기섭 / 2026.09.24 16:08 저장
